path,hash,width,height,source,added_at,label_status
data/raw/adidas_ozelia_cream_blue/01282ec8-c2e3-4a82-b8f5-375ee48802aa_1bf57157.jpg,1bf5715754ccdb79f7b8fbfa7bff577d85aa70a835c42a9c447a9c3b084cc330,,,adidas_ozelia_cream_blue,,unlabeled
data/raw/adidas_ozelia_cream_blue/1ff8e6bb-5a1e-4584-8d8e-bb8e531a85d8_cf93e808.jpg,cf93e808960c82f20c1dd6e4d67586aea702d764d6cdafd181260f460c2cef83,,,adidas_ozelia_cream_blue,,unlabeled
data/raw/adidas_ozelia_cream_blue/2388fd49-6c46-4e96-a0b0-b51ca477abad_01ce0b80.jpg,01ce0b8000817a5af41f2a4366867899aa1b920cb339968c9fdb286cf24c532c,,,adidas_ozelia_cream_blue,,unlabeled
data/raw/adidas_ozelia_cream_blue/330d2948-3ceb-421b-b74a-0c3f801ed682_240d9a81.jpg,240d9a81950670a94c2c9d366b0a99e5cfeec382e2eb53f2b9c96d1ae7d1e952,,,adidas_ozelia_cream_blue,,unlabeled
data/raw/adidas_ozelia_cream_blue/4b691772-2dcb-49c8-b997-0703ae019a7c_1308f196.jpg,1308f196abfe219c9695dd7018af770e80c3e83e40bbf1e31a0ec2ae2134fc0d,,,adidas_ozelia_cream_blue,,unlabeled
data/raw/adidas_ozelia_cream_blue/62b642a3-f0ce-4dad-ab5e-7d1d70a48ef6_331ea2d4.jpg,331ea2d41f235a9df35ebb9537b33c35b5cdbab108c1a051febfb3277982fd5d,,,adidas_ozelia_cream_blue,,unlabeled
data/raw/adidas_ozelia_cream_blue/76bb0bc9-a140-4ee6-bd59-24625c95b6a3_ad7ca9d3.jpg,ad7ca9d3747437af41c5881801c8656426067dc564299178d3c6e23fbfefdaee,,,adidas_ozelia_cream_blue,,unlabeled
data/raw/adidas_ozelia_cream_blue/77a8569f-abc0-413d-99fa-9405cdd8e6ac_84a7fefa.jpg,84a7fefa237b7104fccc6a11a2391d7fa53ac2eac7c134b27aba767d0b41e09a,,,adidas_ozelia_cream_blue,,unlabeled
data/raw/adidas_ozelia_cream_blue/7a0d6428-18b1-455c-9cee-d4c01dd9ece1_fd7b26e3.jpg,fd7b26e3c179c4e243fa66134c77c1511b7a560562c4668f06efaa2c92677ce3,,,adidas_ozelia_cream_blue,,unlabeled
data/raw/adidas_ozelia_cream_blue/7f67d08e-6a2a-499b-baba-689d315eb2b0_8fbad317.jpg,8fbad317ac06d5ef44b5fcae0804aac71b448b979b7e387da67da0700dc5b7f4,,,adidas_ozelia_cream_blue,,unlabeled
data/raw/adidas_ozelia_cream_blue/80538167-9470-4062-9973-8a63ea577cdd_2bc7a1ba.jpg,2bc7a1ba49c105672047af9a5f51e61d004224f04e463e298bad625bc8c66026,,,adidas_ozelia_cream_blue,,unlabeled
data/raw/adidas_ozelia_cream_blue/84052f49-dd17-419b-b113-ae80fb106bd4_ee99cdc4.jpg,ee99cdc48bf068a1a979d58395744d602ae74bb01bd0f3db9627443b75c784eb,,,adidas_ozelia_cream_blue,,unlabeled
data/raw/adidas_ozelia_cream_blue/937773c0-2c77-49a8-b1f6-40b05c1b5808_428a5d03.jpg,428a5d03a9a4c8c037e71c36790f0f61f99326850b3fdb0fcddf831f76b1981f,,,adidas_ozelia_cream_blue,,unlabeled
data/raw/adidas_ozelia_cream_blue/9973382b-0966-4953-8c89-8f14121c1e4e_a77c1af6.jpg,a77c1af64c2dccc1de36bcf1750d8c33b237d2510fffb7dd404a3f1baea70d0a,,,adidas_ozelia_cream_blue,,unlabeled
data/raw/adidas_ozelia_cream_blue/a1321d65-6d03-4efd-af5b-4c3a380f8dd1_5fb0d5f8.jpg,5fb0d5f8497c07e71f92c2f96ddeb7d3e8adf3ae3eca83a276cda30d81f6e2d3,,,adidas_ozelia_cream_blue,,unlabeled
data/raw/adidas_ozelia_cream_blue/aa3b8f33-17fb-4b68-8ae4-9c600bb416b8_1ae80006.jpg,1ae80006de6106345f9440f2c3eff1c7cc567387729929b23b8ccf7d2f42c1bd,,,adidas_ozelia_cream_blue,,unlabeled
data/raw/adidas_ozelia_cream_blue/b476a68e-7c9b-4f72-8481-031e0e13da8e_a68f2424.jpg,a68f24242d0d28e5aebeef661bc7ca03894739016cf7a21d3e102923a4c1d063,,,adidas_ozelia_cream_blue,,unlabeled
data/raw/adidas_ozelia_cream_blue/bf217be5-960a-403d-b76f-17fb648908f1_09ba9370.jpg,09ba9370825943db8bda82ad1eb31f8a1e1b512a36e2ecb9f74799e68213a307,,,adidas_ozelia_cream_blue,,unlabeled
data/raw/adidas_ozelia_cream_blue/c039c7c3-c3a0-493e-a3c1-d79813a49c26_aef18cb9.jpg,aef18cb92274aed44a2bb0aa25c12d33beb4979394d8beb8ccf4bfbccd8aa179,,,adidas_ozelia_cream_blue,,unlabeled
data/raw/adidas_ozelia_cream_blue/c3ffa0e1-0761-4e08-b03e-651ba061e94c_fc213205.jpg,fc2132058f0a0b7d341c9ec05e6923cb1926742889952c762300c9110c2dcfb1,,,adidas_ozelia_cream_blue,,unlabeled
data/raw/adidas_ozelia_cream_blue/d56fc671-3337-4f40-ad1e-5d2476d79472_4ebc2a92.jpg,4ebc2a925fc68eb5e11624ec2fe36079acfbd1cd75d2771aef7884bd8f46fd86,,,adidas_ozelia_cream_blue,,unlabeled
data/raw/adidas_ozelia_cream_blue/d6560c61-2898-4bdf-882b-2e988c5f330e_2f820e57.jpg,2f820e57c7b25bd11fa01b199b9478c0a844020f77b6bf0e32682597cc035835,,,adidas_ozelia_cream_blue,,unlabeled
data/raw/adidas_ozelia_cream_blue/ff0af1bf-9ba0-4828-9e9b-c1265c499393_1621daf9.jpg,1621daf998609d8e44fc5602d80f1d8ed7ce504c0c00233f4d6b8b71f96bd2a8,,,adidas_ozelia_cream_blue,,unlabeled
data/raw/adidas_ozelia_cream_blue/oz1_5c98ad25.jpg,5c98ad250ec479eee5ac14cf70f28aa5e7efb101cea87db9cdd807bc5c4fe9c6,,,adidas_ozelia_cream_blue,,unlabeled
data/raw/adidas_ozelia_cream_blue/oz10_d14c37f1.png,d14c37f1127a7792a6f56f3a8bb6aaf65cd656d0634e4cdb5def03fef89c4624,,,adidas_ozelia_cream_blue,,unlabeled
data/raw/adidas_ozelia_cream_blue/oz11_3ab23186.png,3ab23186e201304a03f9821b9174a635f9332c1af6e106cd99483dfd1cd9d6fb,,,adidas_ozelia_cream_blue,,unlabeled
data/raw/adidas_ozelia_cream_blue/oz12_9afc2575.png,9afc257506f55d1f14d0242600dcb759c64972787de0ad4a992158cc02d3a07c,,,adidas_ozelia_cream_blue,,unlabeled
data/raw/adidas_ozelia_cream_blue/oz13_befdb7a9.png,befdb7a91afea5d3abad31a01a5b1d8423560f5f9b870ebe2c0ea690fc783035,,,adidas_ozelia_cream_blue,,unlabeled
data/raw/adidas_ozelia_cream_blue/oz14_43f39fcf.png,43f39fcf8ba529ffa856b79b397461b31567af4bbed083e31857558c670327d2,,,adidas_ozelia_cream_blue,,unlabeled
data/raw/adidas_ozelia_cream_blue/oz15_2cccc4b2.png,2cccc4b2ed894a6ad5157ef92a8af6892d383aa5768e9c92853729421ee2eb34,,,adidas_ozelia_cream_blue,,unlabeled
data/raw/adidas_ozelia_cream_blue/oz16_b1c9b8e9.png,b1c9b8e95c6437ff34886a6c2694043cc3d557d8d9fc89c154facc654d9cc3ee,,,adidas_ozelia_cream_blue,,unlabeled
data/raw/adidas_ozelia_cream_blue/oz17_679f8118.png,679f81188dfb1abe8ecc62c45b28e44142b96bb7d5f394f904fcec533ac239c2,,,adidas_ozelia_cream_blue,,unlabeled
data/raw/adidas_ozelia_cream_blue/oz18_d9889129.png,d9889129590b6326305a6c56184ad7c786cab0f5bb96ce836879ec98a0e8975c,,,adidas_ozelia_cream_blue,,unlabeled
data/raw/adidas_ozelia_cream_blue/oz19_55a6fae4.png,55a6fae4e83f0e1ba3195458388ffb4a3b81a18ad0b2406a00ff148e7ff5b28f,,,adidas_ozelia_cream_blue,,unlabeled
data/raw/adidas_ozelia_cream_blue/oz2_41de5aec.jpg,41de5aecfe0b0d2c2a573490cd39271532210fd4f386ff3e2f2efc89730384f5,,,adidas_ozelia_cream_blue,,unlabeled
data/raw/adidas_ozelia_cream_blue/oz20_de79f0d4.png,de79f0d40f06cec28c54644cebdd841faa832bf964234aaf3622b3ae5bc05c6a,,,adidas_ozelia_cream_blue,,unlabeled
data/raw/adidas_ozelia_cream_blue/oz21_a00b7e6c.png,a00b7e6c2724af138fe8560c98ada8e3a80cf54a2e34072453d15e9824c6750b,,,adidas_ozelia_cream_blue,,unlabeled
data/raw/adidas_ozelia_cream_blue/oz22_146d3874.png,146d3874deb21b2c71ab0a279a66d43b9627076dea821b744e4f94d95dbfb818,,,adidas_ozelia_cream_blue,,unlabeled
data/raw/adidas_ozelia_cream_blue/oz3_1a688522.jpg,1a688522cce40be11388d8b0bb86d6fe3b75cb47c5827b7cd1d46ed9680264fe,,,adidas_ozelia_cream_blue,,unlabeled
data/raw/adidas_ozelia_cream_blue/oz4_5d528bd6.jpg,5d528bd64d0bf0ffd7adf6330734a5652892c5a3665d844d3d06bb5a883b6d5d,,,adidas_ozelia_cream_blue,,unlabeled
data/raw/adidas_ozelia_cream_blue/oz5_bca3f773.jpg,bca3f7736b3672eba75bdbd0287b754a585af854385f56ec0510e7715e48c691,,,adidas_ozelia_cream_blue,,unlabeled
data/raw/adidas_ozelia_cream_blue/oz6_75a8d9b5.jpg,75a8d9b585a0298f05dbe29e1c205961505fe9bd58f9659e80e4a22479598dd1,,,adidas_ozelia_cream_blue,,unlabeled
data/raw/adidas_ozelia_cream_blue/oz7_f00e13a2.png,f00e13a28229c1d4e1f42ab50318ab7fc1eeb99b1428c546d34b38ba42a5984f,,,adidas_ozelia_cream_blue,,unlabeled
data/raw/adidas_ozelia_cream_blue/oz8_864eeac3.png,864eeac3ee858aeff3c09d4758a42b3b2520c3da10af4771b338ba99ca296463,,,adidas_ozelia_cream_blue,,unlabeled
data/raw/adidas_ozelia_cream_blue/oz9_e1ffbff6.png,e1ffbff649bd705712119bf63759970abeab5e6ece69316fb98e3ea15a1a0738,,,adidas_ozelia_cream_blue,,unlabeled
data/raw/new_balance_550_grey/148a532e-93bd-4305-919e-6111a209cba7_cb405967.jpg,cb4059674629d6e2115de552247f8f745c37302e295c3dc10a59815b7fb32482,,,new_balance_550_grey,,unlabeled
data/raw/new_balance_550_grey/84b30ec2-6385-4e39-bc54-a25ef619eb61_28c01e0f.jpg,28c01e0fc6d6f68d4badcc9501f1ca9af697781b63c908e21b865ec75a11ac63,,,new_balance_550_grey,,unlabeled
data/raw/new_balance_550_grey/bfcfb254-46c2-43a9-b7b5-f56d4d5adba7_674627fd.jpg,674627fdc815c03efd70444a9b7212972de9817006aafb3cb79caef9926222da,,,new_balance_550_grey,,unlabeled
data/raw/new_balance_550_grey/f71f146c-160f-435b-bc58-56b8b7b763b8_302e90b3.jpg,302e90b39030ef5d3fe4ab3ae813c7e547a33a43f3aa911245861f1c6c129a0f,,,new_balance_550_grey,,unlabeled
data/raw/new_balance_550_grey/nbg53_893b68df.png,893b68df7d799b8fef8b2f0ce7f7427f3f4202906d3b60d7dbbcead0aed8c00c,,,new_balance_550_grey,,unlabeled
data/raw/new_balance_550_grey/nbg54_9c6072f1.png,9c6072f1b16d5a2cfee55518e95f82fc92492428316a2c716cbb358fda78a5cb,,,new_balance_550_grey,,unlabeled
data/raw/new_balance_550_grey/nbg55_a7391106.png,a73911066532a036cd282c688cdc0470967c4144b61947d8d3831865836b408c,,,new_balance_550_grey,,unlabeled
data/raw/new_balance_550_grey/nbg56_ff213c57.png,ff213c5794fb08425a5b2d34d89afc18ef2829df81736c46ab897a194f3902e0,,,new_balance_550_grey,,unlabeled
data/raw/new_balance_550_grey/nbg57_7be156a6.png,7be156a6c736986aae1aa9ad43ef77ecdd58212015a6430117678bb9858f4af4,,,new_balance_550_grey,,unlabeled
data/raw/new_balance_550_grey/nbg58_6e4080c2.png,6e4080c2942b1486f55790cab30826d6244fba8cd19fdb03ce5b611e0cbe4336,,,new_balance_550_grey,,unlabeled
data/raw/new_balance_550_grey/nbg59_320b7f21.png,320b7f213764287f2c9ae7806a61b50488df54bf66c5b5d7edafdae073876957,,,new_balance_550_grey,,unlabeled
data/raw/new_balance_550_grey/nbg60_006cdfc2.png,006cdfc2266ac702cec6ec82c545a2a7699f9123bfd4ac1b2df3276b8bb87bbd,,,new_balance_550_grey,,unlabeled
data/raw/new_balance_550_grey/nbg61_71a2c285.png,71a2c285ab62ae94dff5d25664f5d93bdeff180d8085c5b3c103a423f8632c5c,,,new_balance_550_grey,,unlabeled
data/raw/new_balance_550_grey/nbg62_d1929776.png,d19297764d095ee58883185305313340ef3e56bf3ed0070821d623510a04cfe3,,,new_balance_550_grey,,unlabeled
data/raw/new_balance_550_grey/nbg63_2fe29fc6.png,2fe29fc67f4a06b5989839e7a14eafc34bdc9e27544d765e9d4ef592de32b533,,,new_balance_550_grey,,unlabeled
data/raw/new_balance_550_grey/Zrzut ekranu 2025-10-14 175550.pngnbg55_71a76f3d.png,71a76f3de43782ed9d51335161245fa2afced4b1a1c6d6a3b83e2ae485d2db9d,,,new_balance_550_grey,,unlabeled
data/raw/nike_blazer_mid77_darkblue/05ef0115-df17-4606-87a8-5757a8fefac5_284b81c6.jpg,284b81c6a8498b112a8c04b35eb10b8cf89fcd336736ec3427a8adaa795f086f,,,nike_blazer_mid77_darkblue,,unlabeled
data/raw/nike_blazer_mid77_darkblue/0d5e719e-619e-4e30-847a-b523d4be36e6_4927b988.jpg,4927b988a997739188c686aeaab7e7727f05d042cf1c3d3363b6cd3819a28e16,,,nike_blazer_mid77_darkblue,,unlabeled
data/raw/nike_blazer_mid77_darkblue/14703eb1-0f1a-4870-acf8-4cfad754bf8a_8a62ff86.jpg,8a62ff86b46db8afa9f89d88e2b570d31baee51849f1a116abc9de1ef4cceb73,,,nike_blazer_mid77_darkblue,,unlabeled
data/raw/nike_blazer_mid77_darkblue/200df46f-800b-46f6-8464-9f5b4ec87c14_4c520e84.jpg,4c520e84adde53e827d93a5b4de60ffb8029352b6c68bf165ede2ec2759e1b46,,,nike_blazer_mid77_darkblue,,unlabeled
data/raw/nike_blazer_mid77_darkblue/33756be5-a57a-40c8-b683-acabe00d59ee_66134580.jpg,661345804ffc3fe4c0d3cae1bb7ac152b9599da3d14453d3260ea8abf20795c2,,,nike_blazer_mid77_darkblue,,unlabeled
data/raw/nike_blazer_mid77_darkblue/375c6a49-1bb1-459e-8c9d-b4ed3a6005a0_6a5a4db2.jpg,6a5a4db2f5f39484ec51104e6755e37c7ed112afd601de3a4f7900c738a94dc0,,,nike_blazer_mid77_darkblue,,unlabeled
data/raw/nike_blazer_mid77_darkblue/41469086-2685-4cae-9b1a-8f684de8d30d_4bfe22cd.jpg,4bfe22cdf43ac36a5e6b379dd107c0fcca995fa27696052aa50a3602d6d69e17,,,nike_blazer_mid77_darkblue,,unlabeled
data/raw/nike_blazer_mid77_darkblue/4272924a-9013-4dde-a8dc-bb26d51d7068 (1)_1ba4cedb.jpg,1ba4cedbfe73441718d79566cf8b514bd0cad2238c41d843a1bff501ad368264,,,nike_blazer_mid77_darkblue,,unlabeled
data/raw/nike_blazer_mid77_darkblue/5e9d27e6-2a44-4324-ac01-d50bfd7321d8_3f8f4408.jpg,3f8f44089f41051b81de24b01ef3c708d7c4b88baf787e396f55ba87fb19705d,,,nike_blazer_mid77_darkblue,,unlabeled
data/raw/nike_blazer_mid77_darkblue/88fd92b8-7137-44a7-8501-ca407936df24_251d3f88.jpg,251d3f88c85bd1581620c341edca85d7f22004c4d146cb2688fe334f2dd47797,,,nike_blazer_mid77_darkblue,,unlabeled
data/raw/nike_blazer_mid77_darkblue/b7cf90bf-86a6-45a5-b60e-144f5e1ce6d9_6bc9b10d.jpg,6bc9b10d5a02b581f7ebdbc2673fc09a97cbf303f979119263593ce798005725,,,nike_blazer_mid77_darkblue,,unlabeled
data/raw/nike_blazer_mid77_darkblue/ce5bddca-dd69-4171-ae7d-4f92976b3fe9_cb889720.jpg,cb889720486cc0697270e3d0790a54883e6b75cb42d7eab120f5f222134ea8df,,,nike_blazer_mid77_darkblue,,unlabeled
data/raw/nike_blazer_mid77_darkblue/dd984946-f993-41f8-a21d-e659f3191a25_5411b766.jpg,5411b766a6b4b7f5ba68dfd7170fc927c0400f72efb4c991e4859dd2506ad345,,,nike_blazer_mid77_darkblue,,unlabeled
data/raw/nike_pogo_plus_japanese_roots/0e5f5d5e-6966-44fe-b7ed-4359fb170729_c8cad707.jpg,c8cad707dbed3638b3b035c2fbaae9048d9f6ac34bac4d690e5eb792355847a7,,,nike_pogo_plus_japanese_roots,,unlabeled
data/raw/nike_pogo_plus_japanese_roots/15c93724-1857-475e-ba77-b3b8bf553642_a7a3d412.jpg,a7a3d4127652b7ec8997411e11cd82c6420cadceda1bf33e0373be3800ffe31e,,,nike_pogo_plus_japanese_roots,,unlabeled
data/raw/nike_pogo_plus_japanese_roots/1fc55236-d7d0-4ad5-bfa9-a6243b4c6f91_251c829a.jpg,251c829a5e90e543b51fa7d02383dc76029daf7ab635174ef45eb58361c688fd,,,nike_pogo_plus_japanese_roots,,unlabeled
data/raw/nike_pogo_plus_japanese_roots/3a09f513-769e-4500-bdc8-b5e9018078ff_0782be1c.jpg,0782be1cd2a1ab88c4cf516c64dca66d47e571300c22268ce08407feed548970,,,nike_pogo_plus_japanese_roots,,unlabeled
data/raw/nike_pogo_plus_japanese_roots/6cbcf044-fb9f-4479-8f9f-347bcea44545_221583e2.jpg,221583e2b8d2b79d69af7ce5a6e1926ecfdd94d46e034192aef94db8691c3d74,,,nike_pogo_plus_japanese_roots,,unlabeled
data/raw/nike_pogo_plus_japanese_roots/6d8aa3e5-8ba8-4705-b9e5-219a709152df_331088fe.jpg,331088fef6ebadefc5ba61933bbc2c888f3b6135e95078ab1ebb8f055ab17349,,,nike_pogo_plus_japanese_roots,,unlabeled
data/raw/nike_pogo_plus_japanese_roots/6f637374-911c-4b1a-973e-756b7a0c6f52_161bb06d.jpg,161bb06d30d080b1b8c35aab83bbf303d4602a96e8172894f5500b91d7820dfa,,,nike_pogo_plus_japanese_roots,,unlabeled
data/raw/nike_pogo_plus_japanese_roots/7ba47c34-482b-41e0-a42c-45d82a3ecfa6_d26596eb.jpg,d26596eb7daaaa84ee4e02c0b180485dd2861e39a423a7734dd1536dc564701f,,,nike_pogo_plus_japanese_roots,,unlabeled
data/raw/nike_pogo_plus_japanese_roots/83ea1360-17c9-4be5-96d4-ae72e40f81c4_16a08d0c.jpg,16a08d0c9d7e41f1bb3c6cc110e96a9c7afeacb30051bf9f1735735701943621,,,nike_pogo_plus_japanese_roots,,unlabeled
data/raw/nike_pogo_plus_japanese_roots/bf4af61d-2a6a-4066-aa70-1ced352875fd_5d57ba84.jpg,5d57ba846e84c31a7d97d11cfaa46f54a93daed6f1acf37e9b27e74c64e00cca,,,nike_pogo_plus_japanese_roots,,unlabeled
data/raw/nike_pogo_plus_japanese_roots/cfc9728c-9186-40d5-ac3f-050f508bb38f_8d29ca7d.jpg,8d29ca7d1200c23415ae2a587de1a46054a14cafef19dca553aee163d65ab92e,,,nike_pogo_plus_japanese_roots,,unlabeled
data/raw/nike_pogo_plus_japanese_roots/d5d4ade4-a0ae-4efb-8fba-05c891f2315d_a5478569.jpg,a54785699d8d4d8582d4a751e6fac19c2fbfe3a540d5708b2e8e136bb2df172e,,,nike_pogo_plus_japanese_roots,,unlabeled
data/raw/nike_pogo_plus_japanese_roots/ed186ee4-37cd-4516-aad0-4dccbeb07404_9c3ffef9.jpg,9c3ffef9b0301eae6f50ba80193b138bfa4f585d0bdcddc6c89f45c2b343d37d,,,nike_pogo_plus_japanese_roots,,unlabeled
data/raw/nike_pogo_plus_japanese_roots/f681e52a-a505-4b45-8530-9d4f2df0b7bc_f8a1e443.jpg,f8a1e44393efcf99476d605f9b03ee3e36a3b329c6e3b0d93d5099a7420b2c74,,,nike_pogo_plus_japanese_roots,,unlabeled
